firstName,lastName,logonId,logonPassword,phone1
Stoney,Biel,Stoney.Biel@hcl.com,eSDI34nDD66,6210494033
Keira,Fordyce,Keira.Fordyce@hcl.com,YG9jB13IL6,7624856102
Randon,Currier,Randon.Currier@hcl.com,IT94D58OK32,0442261726
Kion,Coll,Kion.Coll@hcl.com,bX807Buf26,0150425069
Aleeya,Sidebotham,Aleeya.Sidebotham@hcl.com,8Cf2BxtLg65B,8425384097
Rashelle,Helmuth,Rashelle.Helmuth@hcl.com,3QTP01n8pn1,6999148748
Nykole,Abshire,Nykole.Abshire@hcl.com,N6uK2YEE00,1994169702
Clay,Mendiola,Clay.Mendiola@hcl.com,WonLw85bysn,3184409663
Carlissa,Steffey,Carlissa.Steffey@hcl.com,7rDB12oB,1365870480
Nawal,Gertz,Nawal.Gertz@hcl.com,D86ZvaU3G4P,3402249762
Kayin,Mudd,Kayin.Mudd@hcl.com,alfh01IoZUT4,0807601341
Krystin,Lemos,Krystin.Lemos@hcl.com,n5X80rpJ,1113352583
Rumaldo,Tien,Rumaldo.Tien@hcl.com,sgWaIel9,1303983103
Larissa,Watterson,Larissa.Watterson@hcl.com,H91li89TN,3512745447
Mister,Evenson,Mister.Evenson@hcl.com,KQyc64HQOh,8617161820
Tamatha,Tobey,Tamatha.Tobey@hcl.com,MuRsxrui9slz,1896661138
Jerica,Slaven,Jerica.Slaven@hcl.com,Ky7np1u46,3622274831
Madalynn,Stimson,Madalynn.Stimson@hcl.com,F6F597CcI55,3207465119
Yessenia,Mumma,Yessenia.Mumma@hcl.com,wge240E8Xg6y,1621282885
Guadalupe,Given,Guadalupe.Given@hcl.com,9InU5dt7a8L0,9917705257
Zacchaeus,Flynt,Zacchaeus.Flynt@hcl.com,8O535t2juFk,8220316613
Blase,Suarez,Blase.Suarez@hcl.com,UlL2073cl,2118057068
Abra,Coll,Abra.Coll@hcl.com,o6r4gsUzkt,9026517646
Kenard,Hermanson,Kenard.Hermanson@hcl.com,Lsl7K4X786HV,3049844881
Xiong,Roney,Xiong.Roney@hcl.com,Dk2qBz53,4699876536
Markos,Beaulieu,Markos.Beaulieu@hcl.com,BZ5OJA6TD,0723013497
Venetia,Garrard,Venetia.Garrard@hcl.com,S65y311sfn,1486674061
Desirie,Lebeau,Desirie.Lebeau@hcl.com,9gnYxrPaGEn6,0661516105
Niara,Ovalle,Niara.Ovalle@hcl.com,6R1C3Nmmm1h6,5955583498
Daejah,Cann,Daejah.Cann@hcl.com,7KU2M7FHp2U,9232411428
Kealani,Dahm,Kealani.Dahm@hcl.com,Vm955J877L,0327515737
Ali,Artz,Ali.Artz@hcl.com,6J8m3eLd,4177543679
Bradly,Nevels,Bradly.Nevels@hcl.com,7S0DyHh344,1157979464
Sabian,Eberly,Sabian.Eberly@hcl.com,646WyXHh,2934974450
Shakerra,Gault,Shakerra.Gault@hcl.com,Sc6FgEWn0K,6315891047
Kaliah,Hollaway,Kaliah.Hollaway@hcl.com,36ScwrpnCsF5,9214188321
Montoya,Newcomb,Montoya.Newcomb@hcl.com,jDY39X0ih3,9084037542
Avinash,Blakemore,Avinash.Blakemore@hcl.com,BN3pj2wK,4766142047
Radhames,Cantrell,Radhames.Cantrell@hcl.com,O1Bl1qol0,8146481856
Gema,Sorenson,Gema.Sorenson@hcl.com,8xoI0bR1,6936333264
Tawnee,Corpus,Tawnee.Corpus@hcl.com,S4y04BaB8,3417655672
Gerson,Deford,Gerson.Deford@hcl.com,Q05MV76pnTd3,6137384216
Dann,Truelove,Dann.Truelove@hcl.com,VZO55s08j2,2310919791
Montell,Magdaleno,Montell.Magdaleno@hcl.com,a5Gn1ivn,8722670917
Nikolaus,Coffin,Nikolaus.Coffin@hcl.com,3MsdW4YFe92,4284461432
Isamar,Marinelli,Isamar.Marinelli@hcl.com,F09O5vH7oF,0316729568
Darbie,Riffle,Darbie.Riffle@hcl.com,zsFc8gQ4I2y,1524931544
Teresa,Couto,Teresa.Couto@hcl.com,FToUuLy0,5378697124
Shyheim,Petrasek,Shyheim.Petrasek@hcl.com,l6nhGg3H,3912558365
Avelardo,Beane,Avelardo.Beane@hcl.com,XCgrFR012B,5214444140
Irving,Sayler,Irving.Sayler@hcl.com,6ObuDNg7u95a,8666816290
Shetara,Mcdermott,Shetara.Mcdermott@hcl.com,rBC85D9D7ljG,2498507829
Emelin,Koester,Emelin.Koester@hcl.com,L4DU8z4Xs32,0411072540
Draper,Palazzo,Draper.Palazzo@hcl.com,YPoq7Jm5,4741960851
Libby,Thielen,Libby.Thielen@hcl.com,G8dTDlM2,7086519940
Josette,Sickles,Josette.Sickles@hcl.com,cTOnMmZ3F3,0513657230
Artavia,Marcello,Artavia.Marcello@hcl.com,cbG4L5QYeq,5915679353
Tova,Lares,Tova.Lares@hcl.com,U4bQ6Q607W,3164973460
Ebony,Sinclair,Ebony.Sinclair@hcl.com,3nmSj3DR1,3049659193
Ger,Vue,Ger.Vue@hcl.com,73Do03OM5GPi,6283562924
Cortland,Loch,Cortland.Loch@hcl.com,2F5Dk5G86AK,2549716500
Paulina,Tanksley,Paulina.Tanksley@hcl.com,IaBl61oL,0000978541
Jackline,Ricciardi,Jackline.Ricciardi@hcl.com,iW743YCQiW7,9689029887
Charla,Garvin,Charla.Garvin@hcl.com,C8Q4AZAAPG,3492487956
Raeanna,Duke,Raeanna.Duke@hcl.com,tpGwZ0V178D6,8709693703
Pearl,Norvell,Pearl.Norvell@hcl.com,Hj2Rpto7,1404503867
Kaylaann,Jaxon,Kaylaann.Jaxon@hcl.com,Lqh9XhAD4k,5669300279
Luisantonio,Sidebotham,Luisantonio.Sidebotham@hcl.com,qSQxKbj4,0552496828
Roscoe,Tedford,Roscoe.Tedford@hcl.com,6Ne9PkSt,1665742929
Yanette,Gunn,Yanette.Gunn@hcl.com,DkwKx9DMl,7297383033
Sindi,Ridel,Sindi.Ridel@hcl.com,2qF5bo0n,5394778617
Alix,Ruffin,Alix.Ruffin@hcl.com,2wGwVscbkY,9630285499
Kimmy,Isenberg,Kimmy.Isenberg@hcl.com,KL9Al1C82vw2,5158172071
Mykah,Lemire,Mykah.Lemire@hcl.com,doM5hGyX5,1235723986
Epifanio,Goyette,Epifanio.Goyette@hcl.com,9rsq6s7zKP,9033587726
Dejon,Richmond,Dejon.Richmond@hcl.com,K777YNrQnhY,6973848990
Alfa,Zane,Alfa.Zane@hcl.com,QLz9qL8Ge,9938634872
Trayveon,Darnell,Trayveon.Darnell@hcl.com,UsUPY3AL242,7435605010
Malvin,Mcwilliams,Malvin.Mcwilliams@hcl.com,VziN5IZGv5,8078773233
Kiyanna,Maroney,Kiyanna.Maroney@hcl.com,067fyxGV5,6588044554
Wallace,Drees,Wallace.Drees@hcl.com,z05jxR3Gi,6301474539
Maiya,Rutan,Maiya.Rutan@hcl.com,cP6vG3F6s,8383414483
Nicholos,Six,Nicholos.Six@hcl.com,RO64GJ1IQgt,6263975014
Tomasa,Cory,Tomasa.Cory@hcl.com,ezl3O36pio2,6247177632
Amiah,Hedman,Amiah.Hedman@hcl.com,Zykn3p8wGWN,6992678622
Marilena,Lyda,Marilena.Lyda@hcl.com,6mRnkJ1d,4023150384
Araceli,Diebold,Araceli.Diebold@hcl.com,xGvQ05Y8xLEm,7685701196
Christophe,Moise,Christophe.Moise@hcl.com,BpDJ8x7JR2,5401238213
Zyanya,Schirmer,Zyanya.Schirmer@hcl.com,tFSq0hQS14,1088443717
Donaven,Merriweather,Donaven.Merriweather@hcl.com,A1XdpBMuLT0,8329442161
Maciel,Lamprey,Maciel.Lamprey@hcl.com,4a5jxccKtI,0258349227
Aydan,Pickard,Aydan.Pickard@hcl.com,m2aH9tMd7pD6,0505291661
Kenosha,Kettleson,Kenosha.Kettleson@hcl.com,1PpX744QIN,4332507549
Marico,Kolodziej,Marico.Kolodziej@hcl.com,0oqDqvD9rT,7758995887
Shreya,Couve,Shreya.Couve@hcl.com,EXS9OgaA,9717688528
Ector,Shirey,Ector.Shirey@hcl.com,50LxM0II,7689255519
Takeria,Zeman,Takeria.Zeman@hcl.com,pIM1B98zI,2731033165
Zhane,Soles,Zhane.Soles@hcl.com,CQGVbntA7,3785105364
Rashaud,Burch,Rashaud.Burch@hcl.com,lLdTkc5P,1859277425
Epifanio,Tramel,Epifanio.Tramel@hcl.com,cV1oi70E,8799025801